epoch,step,val_R^2_sic,val_loss,val_mae_sic,val_rmse_sic
0,6750,0.9654268622398376,0.003052056534215808,0.019012451171875,0.07787367701530457
